Field,Label,Value
created,Created,2020-06-04T11:50:53.184759
description,Description,Version: 2025-01-20
format,File Format,XLSX
download_url,Download URL,https://data.humdata.org/dataset/74163686-a029-4e27-8fbf-c5bfcd13f953/resource/c5ce40d6-07b1-4f36-955a-d6196436ff6b/download/emdat-country-profiles_2025_01_20.xlsx
id,Resource ID,c5ce40d6-07b1-4f36-955a-d6196436ff6b
last_modified,Updated,2025-01-20T02:00:07.190041
metadata_modified,Metadata Updated,2025-01-20T02:00:10.347373
microdata,Microdata,False
dataset_id,Dataset ID,74163686-a029-4e27-8fbf-c5bfcd13f953
resource_type,Resource Type,
name,Resource Name,EMDAT-country-profiles_2025_01_20.xlsx
mimetype,MIME Type,application/vnd.openxmlformats-officedocument.spreadsheetml.sheet
size,Size,374.4K
